[
    {
        "Coffees": [
            {
                "Sugar": [
                    {
                        "1sugar": 1
                    },
                    {
                        "2Sugar": 0
                    }
                ]
            },
            {
                "Ποσότητα": [
                    {
                        "Single": 0
                    },
                    {
                        "Double": 0
                    }
                ]
            }
        ]
    },
    {
        "Drinks": [
            {
                "Ice": [
                    {
                        "Normal": 0
                    },
                    {
                        "Pieces": 0
                    }
                ]
            },
            {
                "Quantity": [
                    {
                        "Single": 0
                    },
                    {
                        "Double": 6.5
                    }
                ]
            }
        ]
    },
    {
        "test": [
            {
                "a": [
                    {
                        "a1": 0
                    },
                    {
                        "a2": 0
                    }
                ]
            },
            {
                "b": [
                    {
                        "v1": 0.1
                    }
                ]
            }
        ]
    }
]