[
    {
        "id": "skata",
        "price": 2.5,
        "category": "xxx--rofhmata",
        "specifications": "glukos me ligo gala",
        "quantity": 14
    },
    {
        "id": "Freddo Capuccino",
        "price": 3.8,
        "quantity": 21,
        "category": "Coffee",
        "specifications": " asdasdasd"
    },
    {
        "id": "Freddo espresso",
        "price": 3.7,
        "quantity": 4,
        "category": "Coffee",
        "specifications": " sadsasd"
    }
]